,id_street,number,original_n,source,autor_da_alimentação,date,cord,first_day,first_month,first_year,last_day,last_month,last_year
0,35,10.0,10,"""Livro de emplacamento 26, p.208""",Vitoria Martins,08/10/2018,(-46.6343342485507 -23.5439353615296),24,10,1939,31,12,2000
1,35,2.0,2,"""Livro de emplacamento 8, p.189""",Vitoria Martins,08/10/2018,(-46.6343342485507 -23.5439353615296),1,6,1912,23,10,1939
2,35,56.0,56,"""Livro de emplacamento 26, p.208""",Vitoria Martins,08/10/2018,(-46.6342390282324 -23.544274397617),24,10,1939,31,12,2000
3,35,14.0,14,"""Livro de emplacamento 26, p.208""",Vitoria Martins,08/10/2018,(-46.6342390282324 -23.544274397617),1,6,1912,23,10,1939
4,35,9.0,9,"""Livro de emplacamento 26, p.208""",Vitoria Martins,08/10/2018,(-46.6343274099975 -23.5439288928729),24,10,1939,31,12,2000
5,35,25.0,25,"""Livro de emplacamento 26, p.208""",Vitoria Martins,08/10/2018,(-46.6343744134934 -23.5440678374084),24,10,1939,31,12,2000
6,35,1.0,1,"""Livro de emplacamento 26, p.208""",Vitoria Martins,08/10/2018,(-46.6343744134934 -23.5440678374084),1,6,1912,23,10,1939
7,35,97.0,97 alto,"""Livro de emplacamento 8, p.189""",Vitoria Martins,08/10/2018,(-46.6343744134934 -23.5440678374084),1,6,1912,31,5,1912
8,35,83.0,83,"""Livro de emplacamento 26, p.208""",Vitoria Martins,08/10/2018,(-46.6340017924111 -23.5442855259471),24,10,1939,31,12,2000
9,38,17.0,17,"""Livro de emplacamento 21, p. 226""",Vitoria Martins,08/10/2018,(-46.6312123283901 -23.5475064391144),6,8,1936,31,12,2000
10,38,1.0,1,"""Livro de emplacamento 21, p. 226; livro de emplacamento 8, p. 141""",Vitoria Martins,08/10/2018,(-46.6312123283901 -23.5475064391144),23,4,1909,5,8,1936
11,38,53.0,53,"""Livro de emplacamento 21, p. 226""",Vitoria Martins,08/10/2018,(-46.6315436794876 -23.5476167922862),6,8,1936,31,12,2000
12,38,15.0,15,"""Livro de emplacamento 21, p. 226; livro de emplacamento 8, p. 141""",Vitoria Martins,08/10/2018,(-46.6315436794876 -23.5476167922862),23,4,1909,5,6,1936
13,38,12.0,12,"""Livro de emplacamento 21, p. 226""",Vitoria Martins,08/10/2018,(-46.6311663074043 -23.547491112285),6,8,1936,31,12,2000
14,38,18.0,18,"""Livro de emplacamento 21, p. 226""",Vitoria Martins,08/10/2018,(-46.6312215325873 -23.5475095044803),6,8,1936,31,12,2000
15,38,2.0,2,"""LIvro de emplacamento 21, p. 226""",Vitoria Martins,08/10/2018,(-46.6312215325873 -23.5475095044803),23,4,1909,5,6,1936
16,38,52.0,52,"""Livro de emplacamento 21, p. 226""",Vitoria Martins,08/10/2018,(-46.6315344752905 -23.5476137269203),6,8,1936,31,12,2000
17,38,42.0,42,"""Livro de emplacamento 21, p. 226""",Vitoria Martins,08/10/2018,(-46.631442433319 -23.5475830732615),6,8,1936,31,12,2000
18,38,10.0,10,"""Livro de emplacamento 21, p. 226""",Vitoria Martins,08/10/2018,(-46.631442433319 -23.5475830732615),23,4,1909,5,6,1936
19,37,12.0,12,"""Livro de emplacamento 21, p.221""",Vitoria Martins,08/10/2018,(-46.631339101764 -23.5471462997515),6,8,1936,31,12,2000
20,37,20.0,20,"""LIvro de emplacamento 21, p. 221""",Vitoria Martins,08/10/2018,(-46.6314109505326 -23.5471749187614),6,8,1936,31,12,2000
21,37,8.0,8,"""Livro de emplacamento 21, p. 221""",Vitoria Martins,08/10/2018,(-46.6314109505326 -23.5471749187614),5,8,1936,5,8,1936
22,37,58.0,58,"""Livro de emplacamento 21, p. 221""",Vitoria Martins,08/10/2018,(-46.6317522321838 -23.5473108590585),6,8,1936,31,12,2000
23,37,24.0,24,"""Livro de emplacamento 21. p. 221""",Vitoria Martins,08/10/2018,(-46.6317522321838 -23.5473108590585),5,8,1936,5,8,1936
24,39,14.0,14,"""Livro de emplacamento 21, p. 222""",Vitoria Martins,08/10/2018,(-46.6311097373192 -23.547646515927),6,8,1936,31,12,2000
25,39,2.0,2,"""Livro de emplacamento 21, p. 222""",Vitoria Martins,08/10/2018,(-46.6311097373192 -23.547646515927),23,4,1909,5,8,1936
26,39,58.0,58,"""Livro de emplacamento 21, p. 222""",Vitoria Martins,08/10/2018,(-46.6315181600252 -23.5477720695459),6,8,1936,31,12,2000
27,39,20.0,20,"""Livro de emplacamento 21, p. 222""",Vitoria Martins,08/10/2018,(-46.6315181600252 -23.5477720695459),5,8,1936,5,8,1936
28,39,13.0,13,"""Livro de emplacamento 21, p. 222""",Vitoria Martins,08/10/2018,(-46.6311004500178 -23.5476436783368),6,8,1936,31,12,2000
29,39,17.0,17,"""Livro de emplacamento 21, p. 222""",Vitoria Martins,08/10/2018,(-46.6311375992232 -23.5476550286977),6,8,1936,31,12,2000
30,39,1.0,1,"""Livro de emplacamento 21, p. 222""",Vitoria Martins,08/10/2018,(-46.6311375992232 -23.5476550286977),23,4,1909,5,8,1936
31,39,51.0,51,"""Livro de emplacamento 21, p. 222""",Vitoria Martins,08/10/2018,(-46.6314533674691 -23.5477515067659),6,8,1936,31,12,2000
32,39,11.0,11,"""LIvro de emplacamento 21, p. 222""",Vitoria Martins,08/10/2018,(-46.6314533674691 -23.5477515067659),23,4,1909,5,8,1936
33,40,19.0,19,"""Livro de emplacamento 21, p. 215""",Vitoria Martins,08/10/2018,(-46.6341114839772 -23.5481699185034),30,7,1936,31,12,2000
34,40,1.0,1,"""Livro de emplacamento 21, p. 215; Livro de emplacamento 14, p. 95""",Vitoria Martins,08/10/2018,(-46.6341114839772 -23.5481699185034),22,6,1928,29,7,1936
35,40,49.0,49,"""Livro de emplacamento 21, p. 215""",Vitoria Martins,08/10/2018,(-46.6343955882185 -23.5482382432955),30,7,1936,31,12,2000
36,40,43.0,43,"""Livro de emplacamento 21, p. 215""",Vitoria Martins,08/10/2018,(-46.6343391652453 -23.5482229621725),30,7,1936,31,12,2000
37,40,9.0,9,"""Livro de emplacamento 21, p. 215""",Vitoria Martins,08/10/2018,(-46.6343391652453 -23.5482229621725),20,6,1928,29,7,1936
38,40,3.0,3,"""Livro de emplacamento 14. p. 95""",Vitoria Martins,08/10/2018,(-46.6341114839772 -23.5481699185034),22,6,1928,29,7,1936
39,40,11.0,11,"""Livro de emplacamento 14. p. 95""",Vitoria Martins,08/10/2018,(-46.6343391652453 -23.5482229621725),20,6,1928,29,7,1936
40,44,12.0,12,"""Livro de emplacamento 21, p. 358""",Vitoria Martins,08/10/2018,(-46.6332050651484 -23.5484277191172),7,12,1936,31,12,2000
41,44,7.0,7,"""Livro de emplacamento 21, p. 358""",Vitoria Martins,08/10/2018,(-46.6332050651484 -23.5484277191172),6,12,1936,6,12,1936
42,44,54.0,54,"""LIvro de emplacamento 21, p. 358""",Vitoria Martins,08/10/2018,(-46.6335822074367 -23.5485777796979),7,12,1936,31,12,2000
43,44,1.0,1,"""Livro de emplacamento 21, p. 358""",Vitoria Martins,08/10/2018,(-46.6335822074367 -23.5485777796979),6,12,1936,6,12,1936
44,48,15.0,15,"""Livro de emplacamento 19, p. 307""",Vitoria Martins,08/10/2018,(-46.6390575118103 -23.5431448740414),27,6,1935,31,12,2000
45,48,21.0,21,"""Livro de emplacamento 19, p. 307""",Vitoria Martins,08/10/2018,(-46.6391034230046 -23.5431781235014),27,6,1935,31,12,2000
46,48,62.0,62,"""Livro de emplacamento 19, p. 307""",Vitoria Martins,08/10/2018,(-46.6391034230046 -23.5431781235014),24,2,1909,26,6,1935
47,48,327.0,327,"""Livro de emplacamento 19, p. 307""",Vitoria Martins,08/10/2018,(-46.6413620503638 -23.5449816622505),27,6,1935,31,12,2000
48,48,323.0,323,"""Livro de emplacamento 19, p. 307""",Vitoria Martins,08/10/2018,(-46.6413325589877 -23.5449580313243),27,6,1935,31,12,2000
49,48,4.0,4,"""Livro de emplacamento 19, p. 307""",Vitoria Martins,08/10/2018,(-46.6413325589877 -23.5449580313243),24,2,1909,26,6,1935
50,48,10.0,10,"""Livro de emplacamento 19, p. 308""",Vitoria Martins,08/10/2018,(-46.6390192524816 -23.5431171661582),27,6,1935,31,12,2000
51,48,53.0,53,"""Livro de emplacamento 19, p. 308""",Vitoria Martins,08/10/2018,(-46.6390192524816 -23.5431171661582),24,2,1909,26,6,1935
52,48,346.0,346,"""Livro de emplacamento 19, p. 308""",Vitoria Martins,08/10/2018,(-46.6415021344001 -23.5450939091498),27,6,1935,31,12,2000
53,48,342.0,342,"""Livro de emplacamento 19, p. 308""",Vitoria Martins,08/10/2018,(-46.6414726430241 -23.5450702782237),27,6,1935,31,12,2000
54,48,1.0,1,"""Livro de emplacamento 19, p. 308""",Vitoria Martins,08/10/2018,(-46.6414726430241 -23.5450702782237),24,2,1909,26,6,1935
55,50,2.0,2,"""Livro de emplacamento 19, p. 106""",Vitoria Martins,08/10/2018,(-46.6361188265161 -23.544143392641),5,12,1933,31,12,2000
56,50,6.0,6,"""LIvro de emplacamento 19, p. 106""",Vitoria Martins,08/10/2018,(-46.6361188265161 -23.544143392641),11,2,1909,4,6,1933
57,50,0.0,0,"""Livro de emplacamento 8, p. 121""",Vitoria Martins,08/10/2018,(-46.6361188265161 -23.544143392641),11,2,1909,31,12,2000
58,50,222.0,222,"""Livro de emplacamento 19, p. 106""",Vitoria Martins,08/10/2018,(-46.6364784014421 -23.5422007110111),5,12,1933,31,12,2000
59,50,34.0,34,"""Livro de emplacamento 19, p. 106; Livro de emplacamento 8, p. 121""",Vitoria Martins,08/10/2018,(-46.6364784014421 -23.5422007110111),11,2,1909,4,12,1933
60,50,218.0,218,"""Livro de emplacamento 19, p. 106""",Vitoria Martins,08/10/2018,(-46.6364714791661 -23.5422360416522),5,12,1933,31,12,2000
61,50,20.0,20,"""Livro de emplacamento 19, p. 106""",Vitoria Martins,08/10/2018,(-46.6364714791661 -23.5422360416522),11,2,1909,4,12,1933
62,50,35.0,35,"""Livro de emplacamento 19, p. 105""",Vitoria Martins,08/10/2018,(-46.6361530368304 -23.5438500252254),5,12,1933,31,12,2000
63,50,3.0,3,"""Livro de emplacamento 19, p. 105""",Vitoria Martins,08/10/2018,(-46.6361530368304 -23.5438500252254),11,2,1909,4,12,1933
64,50,1.0,1,"""Livro de emplacamento 8, p.121""",Vitoria Martins,08/10/2018,(-46.6361530368304 -23.5438500252254),11,2,1909,4,12,1933
65,50,141.0,141,"""LIvro de emplacamento 19, p. 105""",Vitoria Martins,08/10/2018,(-46.6363684617735 -23.542920880688),5,12,1933,31,12,2000
66,50,213.0,213,"""Livro de emplacamento 19, p. 105""",Vitoria Martins,08/10/2018,(-46.6364637994835 -23.542280369434),5,12,1933,31,12,2000
67,50,27.0,27,"""Livro de emplacamento 19, p. 105""",Vitoria Martins,09/10/2018,(-46.6364637994835 -23.542280369434),11,2,1909,4,12,1933
68,79,23.0,23,"""LIvro de emplacamento 21,p. 131""",Vitoria Martins,09/10/2018,(-46.654329176158 -23.5436518243678),20,5,1936,31,12,2000
69,79,1.0,1,"""LIvro de emplacamento 21, p. 131""",Vitoria Martins,09/10/2018,(-46.654329176158 -23.5436518243678),19,5,1936,19,5,1936
70,79,621.0,621,"""Livro de emplacamento 21, p. 131""",Vitoria Martins,09/10/2018,(-46.6484745556399 -23.5437780120642),20,5,1936,31,12,2000
71,79,93.0,93,"""Livro de emplacamento 21, p. 131""",Vitoria Martins,09/10/2018,(-46.6484745556399 -23.5437780120642),19,5,1936,19,5,1936
72,79,1033.0,1033,"""Livro de emplacamento 21, p. 132""",Vitoria Martins,09/10/2018,(-46.6444419367605 -23.5438863168115),20,5,1936,31,12,2000
73,79,131.0,131,"""Livro de emplacamento 21, p. 132""",Vitoria Martins,09/10/2018,(-46.6444419367605 -23.5438863168115),19,5,1936,19,5,1936
74,79,44.0,44,"""Livro de emplacamento 21, p. 133""",Vitoria Martins,09/10/2018,(-46.6541235532062 -23.5436549057041),20,5,1936,31,12,2000
75,79,58.0,58,"""Livro de emplacamento 21, p. 133""",Vitoria Martins,09/10/2018,(-46.6539864712383 -23.5436569599284),20,5,1936,31,12,2000
76,79,2.0,2,"""Livro de emplacamento 21, p. 133""",Vitoria Martins,09/10/2018,(-46.6539864712383 -23.5436569599284),19,5,1936,19,5,1936
77,79,450.0,450,"""Livro de emplacamento 21, p. 133""",Vitoria Martins,09/10/2018,(-46.6501486436527 -23.5437388372233),20,5,1936,31,12,2000
78,79,62.0,62,"""Livro de emplacamento 21, p. 133""",Vitoria Martins,09/10/2018,(-46.6501486436527 -23.5437388372233),19,5,1936,19,5,1936
79,79,1031.0,1031,"""Livro de emplacamento 21, p. 133""",Vitoria Martins,09/10/2018,(-46.6444613659831 -23.5438838488704),20,5,1936,31,12,2000
80,79,128.0,128,"""Livro de emplacamento 21, p. 133""",Vitoria Martins,09/10/2018,(-46.6444613659831 -23.5438838488704),19,5,1936,19,5,1936
81,80,51.0,51,"""Livro de emplacamento 20, p. 85""",Vitoria Martins,09/10/2018,(-46.6529054169272 -23.5441619195643),4,10,1935,31,12,2000
82,80,1.0,1,"""Livro de emplacamento 20, p. 85; """,Vitoria Martins,09/10/2018,(-46.6529054169272 -23.5441619195643),19,6,1928,3,10,1935
83,80,361.0,361,"""Livro de emplacamento 20, p. 85""",Vitoria Martins,09/10/2018,(-46.6499542575273 -23.5446081954579),4,10,1935,31,12,2000
84,80,49.0,49,"""Livro de emplacamento 20, p. 85""",Vitoria Martins,09/10/2018,(-46.6499542575273 -23.5446081954579),3,10,1935,3,10,1935
85,80,715.0,715,"""Livro de emplacamento 20, p. 85""",Vitoria Martins,09/10/2018,(-46.646496767775 -23.5447010946327),4,10,1935,31,12,2000
86,80,97.0,97,"""Livro de emplacamento 20, p. 85""",Vitoria Martins,09/10/2018,(-46.646496767775 -23.5447010946327),3,10,1935,3,10,1935
87,80,48.0,48,"""Livro de emplacamento 20, p. 86""",Vitoria Martins,09/10/2018,(-46.652932702947 -23.5441512117565),4,10,1935,31,12,2000
88,80,2.0,2,"""Livro de emplacamento 20, p. 86""",Vitoria Martins,09/10/2018,(-46.652932702947 -23.5441512117565),3,10,1935,3,10,1935
89,80,364.0,364,"""Livro de emplacamento 20, p. 86""",Vitoria Martins,09/10/2018,(-46.6499249602837 -23.5446091204117),4,10,1935,31,12,2000
90,80,62.0,62,"""Livro de emplacamento 20, p. 86""",Vitoria Martins,09/10/2018,(-46.6499249602837 -23.5446091204117),3,10,1935,3,10,1935
91,80,876.0,876,"""Livro de emplacamento 20, p. 86""",Vitoria Martins,09/10/2018,(-46.644924219657 -23.5447414235275),4,10,1935,31,12,2000
92,80,114.0,114,"""Livro de emplacamento 20, p. 86""",Vitoria Martins,09/10/2018,(-46.644924219657 -23.5447414235275),3,10,1935,3,10,1935
93,82,31.0,31,"""Livro de emplacamento 27, p. 376""",Vitoria Martins,09/10/2018,(-46.6427778986125 -23.5445568290087),13,11,1940,31,12,2000
94,82,30.2,30-b,"""Livro de emplacamento 27, p. 376""",Vitoria Martins,09/10/2018,(-46.6427778986125 -23.5445568290087),12,11,1940,12,11,1940
95,82,112.0,112,"""Livro de emplacamento 27, p. 376""",Vitoria Martins,09/10/2018,(-46.6433658996867 -23.5450598769665),13,11,1940,31,12,2000
96,82,34.0,34,"""Livro de emplacamento 27, p. 376""",Vitoria Martins,09/10/2018,(-46.6433658996867 -23.5450598769665),12,11,1940,12,11,1940
97,82,57.0,57,"""Livro de emplacamento 27, p. 376""",Vitoria Martins,09/10/2018,(-46.6429650032043 -23.5447202032532),13,11,1940,31,12,2000
98,82,23.0,23,"""Livro de emplacamento 27, p. 376""",Vitoria Martins,09/10/2018,(-46.6429650032043 -23.5447202032532),12,11,1940,12,11,1940
99,82,97.0,97,"""Livro de emplacamento 27, p. 376""",Vitoria Martins,09/10/2018,(-46.6432565642824 -23.5449672386811),13,11,1940,31,12,2000
100,82,35.0,35,"""Livro de emplacamento 27, p. 376""",Vitoria Martins,09/10/2018,(-46.6432565642824 -23.5449672386811),12,11,1940,12,11,1940
101,83,33.0,33,"""Livro de emplacamento 20, p. 306""",Vitoria Martins,09/10/2018,(-46.6460016113742 -23.546259583655),17,1,1936,31,12,2000
102,83,20.0,20,"""Livro de emplacamento 20, p. 306""",Vitoria Martins,09/10/2018,(-46.6460016113742 -23.546259583655),16,1,1936,16,1,1936
103,83,129.0,129,"""Livro de emplacamento 20, p. 306""",Vitoria Martins,09/10/2018,(-46.6461985487086 -23.5471013603773),17,1,1936,31,12,2000
104,83,2.0,2,"""Livro de emplacamento 20, p. 306""",Vitoria Martins,09/10/2018,(-46.6461985487086 -23.5471013603773),16,1,1936,16,1,1936
105,83,18.0,18,"""LIvro de emplacamento 20, p. 306""",Vitoria Martins,09/10/2018,(-46.6459703889899 -23.5461281631068),17,1,1936,31,12,2000
106,83,26.0,26,"""Livro de emplacamento 20, p. 306""",Vitoria Martins,09/10/2018,(-46.6459703889899 -23.5461281631068),16,1,1936,16,1,1936
107,83,119.0,119,"""Livro de emplacamento 20, p. 306""",Vitoria Martins,09/10/2018,(-46.6461780344029 -23.547013675302),17,1,1936,31,12,2000
108,83,1.0,1,"""Livro de emplacamento 20, p. 306""",Vitoria Martins,09/10/2018,(-46.6461780344029 -23.547013675302),16,1,1936,16,1,1936
109,84,24.0,24,"""Livro de emplacamento 20, p. 126""",Vitoria Martins,09/10/2018,(-46.6464615566556 -23.5419669855338),25,10,1935,31,12,2000
110,84,2.0,2,"""Livro de emplacamento 20, p. 126""",Vitoria Martins,09/10/2018,(-46.6464615566556 -23.5419669855338),24,10,1935,24,10,1935
111,84,336.0,336,"""Livro de emplacamento 20, p. 126""",Vitoria Martins,09/10/2018,(-46.6465671041543 -23.5447629052969),25,10,1935,31,12,2000
112,84,56.0,56,"""Livro de emplacamento 20, p. 126""",Vitoria Martins,09/10/2018,(-46.6465671041543 -23.5447629052969),24,10,1935,24,10,1935
113,84,588.0,588,"""Livro de emplacamento 20, p. 126""",Vitoria Martins,09/10/2018,(-46.6466393175025 -23.5470216220641),25,10,1935,31,12,2000
114,84,106.1,106-a,"""Livro de emplacamento 20, p. 126""",Vitoria Martins,09/10/2018,(-46.6466393175025 -23.5470216220641),24,5,1935,24,5,1935
115,84,31.0,31,"""Livro de emplacamento 20, p.125""",Vitoria Martins,09/10/2018,(-46.6464642147291 -23.5420297061779),25,10,1935,31,12,2000
116,84,1.0,1s,"""Livro de emplacamento 20, p. 125""",Vitoria Martins,09/10/2018,(-46.6464642147291 -23.5420297061779),24,5,1935,24,5,1935
117,84,343.0,343,"""Livro de emplacamento 20, p. 125""",Vitoria Martins,09/10/2018,(-46.6465687192639 -23.5448256614597),25,10,1935,31,12,2000
118,84,43.0,43,"""Livro de emplacamento 20, p. 125""",Vitoria Martins,09/10/2018,(-46.6465687192639 -23.5448256614597),24,5,1935,24,5,1935
119,84,553.0,553,"""Livro de emplacamento 20, p. 125""",Vitoria Martins,09/10/2018,(-46.6466270412618 -23.5467079775078),25,10,1935,31,12,2000
120,84,79.0,79,"""Livro de emplacamento 20, p. 125""",Vitoria Martins,09/10/2018,(-46.6466270412618 -23.5467079775078),24,5,1935,24,5,1935
121,85,31.0,31,"""Livro de emplacamento 20, p. 95""",Vitoria Martins,09/10/2018,(-46.6477692513029 -23.5420066075571),9,10,1935,31,12,2000
122,85,2.0,2,"""Livro de emplacamento 20, p. 95""",Vitoria Martins,09/10/2018,(-46.6477692513029 -23.5420066075571),8,10,1935,8,10,1935
123,85,338.0,338,"""Livro de emplacamento 20, p. 95""",Vitoria Martins,09/10/2018,(-46.6478514072593 -23.5447583496978),9,10,1935,31,12,2000
124,85,60.0,60,"""Livro de emplacamento 20, p. 95""",Vitoria Martins,09/10/2018,(-46.6478514072593 -23.5447583496978),8,10,1935,8,10,1935
125,85,640.0,640,"""Livro de emplacamento 20, p. 96""",Vitoria Martins,09/10/2018,(-46.6479378116924 -23.5474651414152),9,10,1935,31,12,2000
126,85,124.0,124,"""Livro de emplacamento 20, p. 96""",Vitoria Martins,09/10/2018,(-46.6479378116924 -23.5474651414152),8,10,1935,8,10,1935
127,85,29.0,29,"""Livro de emplacamento 20, p. 94""",Vitoria Martins,09/10/2018,(-46.647768723549 -23.5419886802202),9,10,1935,31,12,2000
128,85,1.0,1,"""Livro de emplacamento 20, p. 94""",Vitoria Martins,09/10/2018,(-46.647768723549 -23.5419886802202),8,10,1935,8,10,1935
129,85,1.0,1a,"""Livro de emplacamento 15, p. 46""",Vitoria Martins,09/10/2018,(-46.647768723549 -23.5419886802202),20,5,1929,8,10,1935
130,85,569.0,569,"""Livro de emplacamento 20, p. 94""",Vitoria Martins,09/10/2018,(-46.6479133743127 -23.5468289235784),9,10,1935,31,12,2000
131,85,565.0,565,"""Livro de emplacamento 20, p. 94""",Vitoria Martins,09/10/2018,(-46.6479133743127 -23.5468289235784),8,10,1935,8,10,1935
132,86,33.0,33,"""Livro de emplacamento 20, p. 92""",Vitoria Martins,09/10/2018,(-46.6454169018587 -23.5421109433378),9,10,1935,31,12,2000
133,86,1.0,1,"""Livro de emplacamento 20, p. 92""",Vitoria Martins,09/10/2018,(-46.6454169018587 -23.5421109433378),8,10,1935,8,10,1935
134,86,303.0,303,"""Livro de emplacamento 20, p. 92""",Vitoria Martins,09/10/2018,(-46.6454896259349 -23.5445327764153),9,10,1935,31,12,2000
135,86,37.0,37,"""Livro de emplacamento 20, p. 92""",Vitoria Martins,09/10/2018,(-46.6454896259349 -23.5445327764153),8,10,1935,8,10,1935
136,86,441.0,441,"""Livro de emplacamento 20, p. 92""",Vitoria Martins,09/10/2018,(-46.6455367174166 -23.5457702493908),9,10,1935,31,12,2000
137,86,383.0,383,"""Livro de emplacamento 20, p. 92""",Vitoria Martins,09/10/2018,(-46.645514560834 -23.5452502518979),9,10,1935,31,12,2000
138,86,49.0,49,"""Livro de emplacamento 20, p. 92""",Vitoria Martins,09/10/2018,(-46.645514560834 -23.5452502518979),8,10,1935,8,10,1935
139,86,10.0,10,"""Livro de emplacamento 20, p. 92""",Vitoria Martins,09/10/2018,(-46.6454112026897 -23.5419046232293),9,10,1935,31,12,2000
140,86,2.0,2,"""Livro de emplacamento 20, p. 93""",Vitoria Martins,09/10/2018,(-46.6454112026897 -23.5419046232293),8,10,1935,8,10,1935
141,86,304.0,304,"""Livro de emplacamento 20, p. 93""",Vitoria Martins,09/10/2018,(-46.6454899500887 -23.54454174442),9,10,1935,31,12,2000
142,86,58.0,58,"""Livro de emplacamento 20, p. 93""",Vitoria Martins,09/10/2018,(-46.6454899500887 -23.54454174442),8,10,1935,8,10,1935
143,86,442.0,442,"""Livro de emplacamento 20, p. 93""",Vitoria Martins,09/10/2018,(-46.6455370862044 -23.545779215671),9,10,1935,31,12,2000
144,86,76.0,76,"""Livro de emplacamento 20, p. 93""",Vitoria Martins,09/10/2018,(-46.6455370862044 -23.545779215671),8,10,1935,8,10,1935
145,22,39.0,39,"""livro de emplacamento, 21, p.296""",Luanna,08/10/2018,(-46.6346556372734 -23.544297855889),25,9,1936,31,12,2000
146,22,73.0,73,"""livro de emplacamento, 21, p.296""",Luanna,08/10/2018,(-46.634872845865 -23.544522097766),25,9,1936,31,12,2000
147,22,52.0,52s,"""livro de emplacamento, 13, p.194; livro de emplacamento 21, p. 296""",Luanna,08/10/2018,(-46.634872845865 -23.544522097766),28,4,1928,24,9,1936
148,23,255.0,255,"""livro de emplacamento 28, p. 118""",Luanna,08/10/2018,(-46.6359763970228 -23.5422069665695),14,3,1941,31,12,2000
149,23,1.1,1a,"""livro de emplacamento 28, p. 118""",Luanna,08/10/2018,(-46.6359763970228 -23.5422069665695),13,3,1941,13,3,1941
150,23,277.0,277,"""livro de emplacamento 28, p. 118""",Luanna,08/10/2018,(-46.636124462353 -23.5420637064232),14,3,1941,31,12,2000
151,23,5.0,5,"""livro de emplacamento 28, p. 118""",Luanna,08/10/2018,(-46.636124462353 -23.5420637064232),13,3,1941,13,3,1941
152,23,303.0,303,"""livro de emplacamento 28, p. 118""",Luanna,08/10/2018,(-46.6362994486524 -23.5418943989777),14,3,1941,31,12,2000
153,23,15.0,,"""livro de emplacamento 28, p. 118""",Luanna,08/10/2018,(-46.6362994486524 -23.5418943989777),13,3,1941,13,3,1941
154,27,23.0,23,"""livro de emplacamento 22, p. 399""",Luanna,08/10/2018,(-46.6326823372403 -23.5435216196399),13,9,1937,31,12,2000
155,27,1.0,1,"""livro de emplacamento 22, p. 399""",Luanna,08/10/2018,(-46.6326823372403 -23.5435216196399),12,9,1937,12,9,1937
156,27,69.0,69,"""livro de emplacamento 22, p. 399""",Luanna,08/10/2018,(-46.6330837456716 -23.5433359631563),13,9,1937,31,12,2000
157,27,28.0,28,"""livro de emplacamento 22, p. 399""",Luanna,08/10/2018,(-46.6327259685915 -23.5435014395874),13,9,1937,31,12,2000
158,27,2.0,2,"""livro de emplacamento 22, p. 399""",Luanna,08/10/2018,(-46.6327259685915 -23.5435014395874),12,9,1937,12,9,1937
159,27,74.0,74,"""livro de emplacamento 22, p. 399""",Luanna,08/10/2018,(-46.6331273770229 -23.5433157831037),13,9,1937,31,12,2000
160,27,8.0,8,"""livro de emplacamento 22, p. 399""",Luanna,08/10/2018,(-46.6331273770229 -23.5433157831037),12,9,1937,12,9,1937
161,78,392.0,1/26/1901,"""Livro de Emplacamento, n.21, p.122""",Cintia,8/10/2018,(-46.645009557585 -23.546568620815),15,5,1936,31,12,2000
162,78,1.0,1,"""Livro de Emplacamento, n.21, p.122; Livro de Emplacamento, n.17, p.67; Livro de Emplacamento, n.1, p.2""",Cintia,8/10/2018,(-46.645009557585 -23.546568620815),19,9,1908,14,5,1936
163,78,73.0,73,"""Livro de Emplacamento, n.21, p.121""",Cintia,8/10/2018,(-46.6441477203577 -23.5438187380588),15,5,1936,31,12,2000
164,78,60.0,02/28/1900,"""Livro de Emplacamento, n.21, p.121; Livro de Emplacamento, n.17, p.67; Livro de Emplacamento, n.1, p.2""",Cintia,8/10/2018,(-46.6441477203577 -23.5438187380588),18,9,1908,18,9,1908
165,78,281.0,281,"""Livro de Emplacamento, n.21, p.121""",Cintia,8/10/2018,(-46.6447322996812 -23.5455992497908),15,5,1936,31,12,2000
166,78,10.0,10,"""Livro de Emplacamento, n.21, p.122; Livro de Emplacamento, n.17, p.67; Livro de Emplacamento, n.1, p.2""",Cintia,8/10/2018,(-46.6447322996812 -23.5455992497908),19,9,1908,14,5,1936
167,78,399.0,399,"""Livro de Emplacamento, n.21, p.121""",Cintia,8/10/2018,(-46.6450264785516 -23.546629912619),15,5,1936,31,12,2000
168,78,2.0,2,"""Livro de Emplacamento, n.21, p.122; Livro de Emplacamento, n.17, p.67; Livro de Emplacamento, n.1, p.2""",Cintia,8/10/2018,(-46.6450264785516 -23.546629912619),19,9,1908,14,5,1936
169,16,121.0,121,"""Livro de Emplacamento, n.26, p.199,; n.13,p.31; n.1, p.44""",Cintia,8/10/2018,(-46.6347679452892 -23.5472898666572),13,9,1939,31,12,2000
170,16,17.0,17,"""Livro de Emplacamento, n.26, p.199,; n.13,p.31; n.1, p.44""",Cintia,8/10/2018,(-46.6347679452892 -23.5472898666572),16,7,1928,12,8,1939
171,16,221.0,221,"""Livro de Emplacamento, n.26, p.199,; n.13,p.31; n.1, p.44""",Cintia,8/10/2018,(-46.6345132699292 -23.5481580178015),13,9,1939,31,12,2000
172,16,31.1,31A,"""Livro de Emplacamento, n.26, p.199,; n.13,p.31; n.1, p.44""",Cintia,8/10/2018,(-46.6345132699292 -23.5481580178015),16,7,1928,12,8,1939
173,16,43.0,43 E/T,"""Livro de Emplacamento, n.26, p.199,; n.13,p.31; n.1, p.44""",Cintia,8/10/2018,(-46.6345132699292 -23.5481580178015),21,6,1912,15,7,1928
174,16,18.0,18,"""Livro de Emplacamento, n.26, p.199,; n.13,p.31; n.1, p.44""",Cintia,8/10/2018,(-46.6350396044638 -23.5463972068701),13,9,1939,31,12,2000
175,16,2.4,2B,"""Livro de Emplacamento, n.26, p.199,; n.13,p.31; n.1, p.44""",Cintia,8/10/2018,(-46.6350396044638 -23.5463972068701),16,7,1928,12,8,1939
176,16,8.1,8A E/T,"""Livro de Emplacamento, n.26, p.199,; n.13,p.31; n.1, p.44""",Cintia,8/10/2018,(-46.6350396044638 -23.5463972068701),15,7,1928,15,7,1928
177,16,112.0,112,"""Livro de Emplacamento, n.26, p.199,; n.13,p.31; n.1, p.44""",Cintia,8/10/2018,(-46.6347912933417 -23.5472117434426),13,9,1939,31,12,2000
178,16,12.0,12,"""Livro de Emplacamento, n.26, p.199,; n.13,p.31; n.1, p.44""",Cintia,8/10/2018,(-46.6347912933417 -23.5472117434426),16,7,1928,12,8,1939
179,16,218.0,218,"""Livro de Emplacamento, n.26, p.199,; n.13,p.31; n.1, p.44""",Cintia,8/10/2018,(-46.6345196599936 -23.5481316004841),13,9,1939,31,12,2000
180,16,26.0,26 sob,"""Livro de Emplacamento, n.26, p.199,; n.13,p.31; n.1, p.44""",Cintia,8/10/2018,(-46.6345196599936 -23.5481316004841),16,7,1928,12,8,1939
181,16,44.0,44 E/S,"""Livro de Emplacamento, n.26, p.199,; n.13,p.31; n.1, p.44""",Cintia,8/10/2018,(-46.6345196599936 -23.5481316004841),15,7,1928,15,7,1928
182,17,19.0,19,"""Livro de Emplacamento n.21, p.343; n.13,p.85; n.3, p.30""",Cintia,8/10/2018,(-46.6344721287014 -23.5463282260149),6,11,1936,31,12,2000
183,17,1.0,1 E/T Tinta,"""Livro de Emplacamento n.21, p.343; n.13,p.85; n.3, p.30""",Cintia,8/10/2018,(-46.6344721287014 -23.5463282260149),15,6,1928,15,6,1928
184,17,39.0,39,"""Livro de Emplacamento n.21, p.343; n.13,p.85; n.3, p.30""",Cintia,8/10/2018,(-46.6346663833184 -23.5463512691795),6,11,1936,31,12,2000
185,17,9.0,9 E/S,"""Livro de Emplacamento n.21, p.343; n.13,p.85; n.3, p.30""",Cintia,8/10/2018,(-46.6346663833184 -23.5463512691795),15,6,1928,15,6,1928
186,17,14.0,14,"""Livro de Emplacamento n.21, p.343; n.13,p.85; n.3, p.30""",Cintia,8/10/2018,(-46.6344235672533 -23.5463224465929),6,11,1936,31,12,2000
187,17,2.0,2 E/T,"""Livro de Emplacamento n.21, p.343; n.13,p.85; n.3, p.30""",Cintia,8/10/2018,(-46.6344235672533 -23.5463224465929),15,6,1928,15,6,1928
188,17,58.0,58,"""Livro de Emplacamento n.21, p.343; n.13,p.85; n.3, p.30""",Cintia,8/10/2018,(-46.634850942671 -23.5463730126808),6,11,1936,31,12,2000
189,17,10.0,10 E/T,"""Livro de Emplacamento n.21, p.343; n.13,p.85; n.3, p.30""",Cintia,8/10/2018,(-46.634850942671 -23.5463730126808),15,6,1928,15,6,1928
190,19,63.0,63,"""Livro de Emplacamento, n.19, p.222; n.14, p.57""",Cintia,8/10/2018,(-46.6347198895022 -23.5476493894437),2,1,1935,31,12,2000
191,19,1.0,1 E/T,"""Livro de Emplacamento, n.19, p.222; n.14, p.57""",Cintia,8/10/2018,(-46.6347198895022 -23.5476493894437),21,6,1928,21,6,1928
192,19,113.0,113,"""Livro de Emplacamento, n.19, p.222; n.14, p.57""",Cintia,8/10/2018,(-46.6352043260801 -23.5477013638418),2,1,1935,31,12,2000
193,19,13.0,13 E/S,"""Livro de Emplacamento, n.19, p.222; n.14, p.57""",Cintia,8/10/2018,(-46.6352043260801 -23.5477013638418),21,6,1928,21,6,1928
194,19,161.0,161,"""Livro de Emplacamento, n.19, p.222; n.14, p.57""",Cintia,8/10/2018,(-46.6356667729937 -23.5477098245497),2,1,1935,31,12,2000
195,19,23.0,23 tinta,"""Livro de Emplacamento, n.19, p.222; n.14, p.57""",Cintia,8/10/2018,(-46.6356667729937 -23.5477098245497),21,6,1928,21,6,1928
196,19,18.0,18,"""Livro de Emplacamento, n.19, p.222; n.14, p.57""",Cintia,8/10/2018,(-46.6342969405508 -23.5475365159247),2,1,1935,31,12,2000
197,19,2.0,2 E/S,"""Livro de Emplacamento, n.19, p.222; n.14, p.57""",Cintia,8/10/2018,(-46.6342969405508 -23.5475365159247),21,6,1928,21,6,1928
198,19,114.0,114,"""Livro de Emplacamento, n.19, p.222; n.14, p.57""",Cintia,8/10/2018,(-46.6352139947959 -23.5477025839391),2,1,1935,31,12,2000
199,19,10.0,10 E/T,"""Livro de Emplacamento, n.19, p.222; n.14, p.57""",Cintia,8/10/2018,(-46.6352139947959 -23.5477025839391),21,6,1928,21,6,1928
200,19,162.0,162,"""Livro de Emplacamento, n.19, p.222; n.14, p.57""",Cintia,8/10/2018,(-46.6356758438958 -23.5477062620454),2,1,1935,31,12,2000
201,19,18.0,18 E/S,"""Livro de Emplacamento, n.19, p.222; n.14, p.57""",Cintia,8/10/2018,(-46.6356758438958 -23.5477062620454),21,6,1928,21,6,1928
202,20,11.0,11,"""Livro de Emplacamento, n.24, p.205; n.13, p.112""",Cintia,8/10/2018,(-46.636748485576 -23.5476462387491),5,2,1938,31,12,2000
203,51,197.0,197,"""Livro de Emplacamento, n.21,p.307; n.4, p.39""",Cintia,8/10/2018,(-46.6375246367666 -23.5459273650283),6,10,1936,31,12,2000
204,51,449.0,449,"""Livro de Emplacamento, n.21,p.307; n.4, p.39""",Cintia,8/10/2018,(-46.6389930296131 -23.5477440051295),6,10,1936,31,12,2000
205,54,262.0,262,"""Livro de Emplacamento n.20, p.154; n.9, p.199""",Cintia,8/10/2018,(-46.6407341916445 -23.5433071411392),6,11,1935,31,12,2000
206,54,50.2,50 sob,"""Livro de Emplacamento n.20, p.154; n.9, p.199""",Cintia,8/10/2018,(-46.6407341916445 -23.5433071411392),20,2,1909,5,11,1935
207,55,49.0,49,"""Livro de Emplacamento n.25, p.120; n.8, p.128""",Cintia,8/10/2018,(-46.6373546891705 -23.5493982230673),21,9,1938,31,12,2000
208,55,11.3,11B,"""Livro de Emplacamento n.25, p.120; n.8, p.128""",Cintia,8/10/2018,(-46.6373546891705 -23.5493982230673),20,9,1938,20,9,1938
209,55,115.0,115,"""Livro de Emplacamento n.25, p.120; n.8, p.128""",Cintia,8/10/2018,(-46.6378910519788 -23.5491202225341),21,9,1938,31,12,2000
210,55,27.0,27,"""Livro de Emplacamento n.25, p.120; n.8, p.128""",Cintia,8/10/2018,(-46.6378910519788 -23.5491202225341),19,3,1909,20,9,1938
211,55,52.0,52,"""Livro de Emplacamento n.25, p.120; n.8, p.128""",Cintia,8/10/2018,(-46.637382222822 -23.5493910155749),21,9,1938,31,12,2000
212,55,20.0,20,"""Livro de Emplacamento n.25, p.120; n.8, p.128""",Cintia,8/10/2018,(-46.637382222822 -23.5493910155749),19,3,1909,20,9,1938
213,55,92.0,92,"""Livro de Emplacamento n.25, p.120; n.8, p.128""",Cintia,8/10/2018,(-46.6377352336402 -23.5492729750318),21,9,1938,31,12,2000
214,55,24.0,24,"""Livro de Emplacamento n.25, p.120; n.8, p.128""",Cintia,8/10/2018,(-46.6377352336402 -23.5492729750318),20,9,1938,20,9,1938
215,55,118.0,118,"""Livro de Emplacamento n.25, p.120; n.8, p.128""",Cintia,8/10/2018,(-46.6379115129155 -23.5491004387028),21,9,1938,31,12,2000
216,55,32.0,32,"""Livro de Emplacamento n.25, p.120; n.8, p.128""",Cintia,8/10/2018,(-46.6379115129155 -23.5491004387028),20,9,1938,20,9,1938
217,56,7.0,7,"""Livro de Emplacamento, n.19, p.171""",Cintia,09/10/2018,(-46.6358099995395 -23.5490393514254),22,8,1934,31,12,2000
218,56,61.0,61,"""Livro de Emplacamento, n.19, p.171""",Cintia,09/10/2018,(-46.6361118419239 -23.5494298508512),22,8,1934,31,12,2000
219,56,18.0,18,"""Livro de Emplacamento, n.19, p.171""",Cintia,09/10/2018,(-46.6358547404644 -23.5491265382933),22,8,1934,31,12,2000
220,56,2.0,2,"""Livro de Emplacamento, n.19, p.171""",Cintia,09/10/2018,(-46.6358547404644 -23.5491265382933),21,8,1934,21,8,1934
221,56,44.0,44,"""Livro de Emplacamento, n.19, p.171""",Cintia,09/10/2018,(-46.636008345427 -23.5493114935685),22,8,1934,31,12,2000
222,56,10.0,10,"""Livro de Emplacamento, n.19, p.171""",Cintia,09/10/2018,(-46.636008345427 -23.5493114935685),21,8,1934,21,8,1934
223,59,33.0,33,"""Livro de Emplacamento, n.28, p.127""",Cintia,09/10/2018,(-46.6365897566824 -23.5503229118151),14,3,1941,31,12,2000
224,59,51.0,51,"""Livro de Emplacamento, n.28, p.127""",Cintia,09/10/2018,(-46.6365202908899 -23.550174954142),14,3,1941,31,12,2000
225,59,1.0,1,"""Livro de Emplacamento, n.28, p.127""",Cintia,09/10/2018,(-46.6365202908899 -23.550174954142),13,3,1941,13,3,1941
226,59,63.0,63,"""Livro de Emplacamento, n.28, p.127""",Cintia,09/10/2018,(-46.6364769686242 -23.5500750286098),14,3,1941,31,12,2000
227,59,3.1,3s°,"""Livro de Emplacamento, n.28, p.127""",Cintia,09/10/2018,(-46.6364769686242 -23.5500750286098),13,3,1941,13,3,1941
228,65,48.0,48,"""Livro de Emplacamento n.27, p.182; n.13, p.33; n.1, p.43; n.1, p.11""",Cintia,09/10/2018,(-46.6407530364317 -23.5485006598135),7,8,1940,31,12,2000
229,65,136.0,136,"""Livro de Emplacamento n.27, p.182; n.13, p.33; n.1, p.43; n.1, p.11""",Cintia,09/10/2018,(-46.6415646921048 -23.5487195099626),7,8,1940,31,12,2000
230,65,219.0,219,"""Livro de Emplacamento n.27, p.182; n.13, p.33; n.1, p.43; n.1, p.11""",Cintia,09/10/2018,(-46.6422808380037 -23.5490825008605),7,8,1940,31,12,2000
231,69,125.0,125,"""Livro de Emplacamento, n.20, p.297; n.17, p.64; n.2, p.8""",Cintia,09/10/2018,(-46.6413743899217 -23.5470736614914),14,1,1936,31,12,2000
232,69,15.0,15,"""Livro de Emplacamento, n.20, p.297; n.17, p.64; n.2, p.8""",Cintia,09/10/2018,(-46.6413743899217 -23.5470736614914),20,2,1908,13,1,1936
233,69,183.0,183,"""Livro de Emplacamento, n.20, p.297; n.17, p.64; n.2, p.8""",Cintia,09/10/2018,(-46.6413739080433 -23.5476002541872),14,1,1936,31,12,2000
234,69,31.0,31,"""Livro de Emplacamento, n.20, p.297; n.17, p.64; n.2, p.8""",Cintia,09/10/2018,(-46.6413739080433 -23.5476002541872),8,8,1930,13,1,1936
235,73,94.0,94,"""Livro de Emplacamento, n.25, p.195""",Cintia,09/10/2018,(-46.6552320766805 -23.5505970569563),14,7,1939,31,12,2000
236,73,16.0,16,"""Livro de Emplacamento, n.25, p.195""",Cintia,09/10/2018,(-46.6552320766805 -23.5505970569563),20,2,1909,13,7,1939
237,73,1258.0,1258,"""Livro de Emplacamento, n.25, p.197""",Cintia,09/10/2018,(-46.6446313889133 -23.5476385304349),14,7,1939,31,12,2000
238,73,240.0,240,"""Livro de Emplacamento, n.25, p.197""",Cintia,09/10/2018,(-46.6446313889133 -23.5476385304349),13,7,1939,13,7,1939
239,73,1.0,1,"""Livro de Emplacamento, n.25, p.203""",Cintia,09/10/2018,(-46.6560327787654 -23.5510119802973),14,7,1939,31,12,2000
240,73,3.0,3,"""Livro de Emplacamento, n.25, p.203""",Cintia,09/10/2018,(-46.6560327787654 -23.5510119802973),13,7,1939,13,7,1939
241,74,57.0,57,"""Livro de Emplacamento, n.19, p.95""",Cintia,09/10/2018,(-46.6379572894095 -23.5491247366919),28,9,1933,31,12,2000
242,74,1.0,1,"""Livro de Emplacamento, n.19, p.95""",Cintia,09/10/2018,(-46.6379572894095 -23.5491247366919),1,1,1800,27,9,1933
243,74,81.0,81,"""Livro de Emplacamento, n.19, p.95""",Cintia,09/10/2018,(-46.6381363194909 -23.5492653803427),28,9,1933,31,12,2000
244,74,7.1,7A,"""Livro de Emplacamento, n.19, p.95""",Cintia,09/10/2018,(-46.6381363194909 -23.5492653803427),1,1,1800,27,9,1933
245,74,95.0,95,"""Livro de Emplacamento, n.19, p.95""",Cintia,09/10/2018,(-46.638240753705 -23.5493474224724),28,9,1933,31,12,2000
246,90,87.0,87,"""Livro de Emplacamento, n.20, p.74; n.17, p.166; n.1911, p.5; n.9, p.176""",Cintia,09/10/2018,(-46.6502368279935 -23.5445178494728),10,10,1935,31,12,2000
247,90,327.0,327,"""Livro de Emplacamento, n.20, p.74; n.17, p.166; n.1911, p.5; n.9, p.176""",Cintia,09/10/2018,(-46.6502870067984 -23.5466707138917),10,10,1935,31,12,2000
248,90,314.0,314,"""Livro de Emplacamento, n.20, p.74; n.17, p.166; n.1911, p.5; n.9, p.176""",Cintia,09/10/2018,(-46.6502821702286 -23.5465547087582),10,10,1935,31,12,2000
249,95,79.0,79,"""Livro de Emplacamento n.20, p.357; n.17, p.87; n.3, p.16""",Cintia,10/10/2018,(-46.6479161757908 -23.5507149538743),18,2,1936,31,12,2000
250,95,15.0,15,"""Livro de Emplacamento n.20, p.357; n.17, p.87; n.3, p.16""",Cintia,10/10/2018,(-46.6479161757908 -23.5507149538743),20,9,1930,17,2,1936
251,95,383.0,383,"""Livro de Emplacamento n.20, p.357; n.17, p.87; n.3, p.16""",Cintia,10/10/2018,(-46.6488932481824 -23.5481404761589),18,2,1936,31,12,2000
252,95,63.0,63,"""Livro de Emplacamento n.20, p.357; n.17, p.87; n.3, p.16""",Cintia,10/10/2018,(-46.6488932481824 -23.5481404761589),20,9,1930,17,2,1936
253,95,65.0,65,"""Livro de Emplacamento n.20, p.357; n.17, p.87; n.3, p.16""",Cintia,10/10/2018,(-46.6488932481824 -23.5481404761589),19,9,1930,19,9,1930
254,95,50.0,50,"""Livro de Emplacamento n.20, p.358; n.17, p.87; n.3, p.16""",Cintia,10/10/2018,(-46.6478237231323 -23.5509608458872),18,2,1936,31,12,2000
255,95,2.0,2,"""Livro de Emplacamento n.20, p.358; n.17, p.87; n.3, p.16""",Cintia,10/10/2018,(-46.6478237231323 -23.5509608458872),20,9,1930,17,2,1936
256,95,370.0,370,"""Livro de Emplacamento n.20, p.358; n.17, p.87; n.3, p.16""",Cintia,10/10/2018,(-46.6488545944418 -23.5482517128865),18,2,1936,31,12,2000
257,95,34.0,34,"""Livro de Emplacamento n.20, p.358; n.17, p.87; n.3, p.16""",Cintia,10/10/2018,(-46.6488545944418 -23.5482517128865),20,9,1930,17,2,1936
258,95,48.0,48 tinta,"""Livro de Emplacamento n.20, p.358; n.17, p.87; n.3, p.16""",Cintia,10/10/2018,(-46.6488545944418 -23.5482517128865),19,9,1930,19,9,1930
259,98,37.0,37,"""Livro de Emplacamento, n.20, p.378; n.11, p.27; p.1, p.87; n.1, p.54; n.1, p.14""",Cintia,10/10/2018,(-46.6557796459694 -23.5540086815456),21,2,1936,31,12,2000
260,98,3.0,3,"""Livro de Emplacamento, n.20, p.378; n.11, p.27; p.1, p.87; n.1, p.54; n.1, p.14""",Cintia,10/10/2018,(-46.6557796459694 -23.5540086815456),3,1,1925,20,2,1936
261,98,66.0,66,"""Livro de Emplacamento, n.20, p.378; n.11, p.27; p.1, p.87; n.1, p.54; n.1, p.14""",Cintia,10/10/2018,(-46.655574165813 -23.5538191845446),21,2,1936,31,12,2000
262,98,8.0,8,"""Livro de Emplacamento, n.20, p.378; n.11, p.27; p.1, p.87; n.1, p.54; n.1, p.14""",Cintia,10/10/2018,(-46.655574165813 -23.5538191845446),27,6,1927,20,2,1936
263,98,2.0,2,"""Livro de Emplacamento, n.20, p.378; n.11, p.27; p.1, p.87; n.1, p.54; n.1, p.14""",Cintia,10/10/2018,(-46.655574165813 -23.5538191845446),18,2,1914,26,6,1927
264,98,1062.0,1062,"""Livro de Emplacamento, n.20, p.378; n.11, p.27; p.1, p.87; n.1, p.54; n.1, p.14""",Cintia,10/10/2018,(-46.6467739200886 -23.5501707381017),21,2,1936,31,12,2000
265,98,202.0,202,"""Livro de Emplacamento, n.20, p.378; n.11, p.27; p.1, p.87; n.1, p.54; n.1, p.14""",Cintia,10/10/2018,(-46.6467739200886 -23.5501707381017),27,6,1927,20,2,1936
266,98,166.0,166,"""Livro de Emplacamento, n.20, p.378; n.11, p.27; p.1, p.87; n.1, p.54; n.1, p.14""",Cintia,10/10/2018,(-46.6467739200886 -23.5501707381017),18,2,1914,26,6,1927
267,98,112.0,112,"""Livro de Emplacamento, n.20, p.378; n.11, p.27; p.1, p.87; n.1, p.54; n.1, p.14""",Cintia,10/10/2018,(-46.6467739200886 -23.5501707381017),13,4,1908,17,2,1914
268,98,104.0,104,"""Livro de Emplacamento, n.20, p.378; n.11, p.27; p.1, p.87; n.1, p.54; n.1, p.14""",Cintia,10/10/2018,(-46.6467739200886 -23.5501707381017),12,4,1908,12,4,1908
269,101,48.0,48,"""Livro de Emplacamento, n.20, p.286; n.11, p.54""",Cintia,10/10/2018,(-46.6468043153354 -23.5497240584242),10,1,1936,31,12,2000
270,101,10.0,10,"""Livro de Emplacamento, n.20, p.286; n.11, p.54""",Cintia,10/10/2018,(-46.6468043153354 -23.5497240584242),26,1,1911,9,1,1936
271,101,2.0,2 tinta,"""Livro de Emplacamento, n.20, p.286; n.11, p.54""",Cintia,10/10/2018,(-46.6468043153354 -23.5497240584242),25,1,1911,25,1,1911
272,101,92.0,92,"""Livro de Emplacamento, n.20, p.286; n.11, p.54""",Cintia,10/10/2018,(-46.6469429413765 -23.5493506269053),10,1,1936,31,12,2000
273,101,26.0,26,"""Livro de Emplacamento, n.20, p.286; n.11, p.54""",Cintia,10/10/2018,(-46.6469429413765 -23.5493506269053),26,1,1911,9,1,1936
274,101,10.0,10,"""Livro de Emplacamento, n.20, p.286; n.11, p.54""",Cintia,10/10/2018,(-46.6469429413765 -23.5493506269053),25,1,1911,25,1,1911
275,101,152.0,152,"""Livro de Emplacamento, n.20, p.286; n.11, p.54""",Cintia,10/10/2018,(-46.6471319768871 -23.5488414021068),10,1,1936,31,12,2000
276,101,40.0,40,"""Livro de Emplacamento, n.20, p.286; n.11, p.54""",Cintia,10/10/2018,(-46.6471319768871 -23.5488414021068),26,1,1911,9,1,1936
277,101,24.0,24,"""Livro de Emplacamento, n.20, p.286; n.11, p.54""",Cintia,10/10/2018,(-46.6471319768871 -23.5488414021068),25,1,1911,25,1,1911
278,101,252.0,252,"""Livro de Emplacamento, n.20, p.286; n.11, p.54""",Cintia,10/10/2018,(-46.6474470360715 -23.5479926941093),10,1,1936,31,12,2000
279,101,52.0,52,"""Livro de Emplacamento, n.20, p.286; n.11, p.54""",Cintia,10/10/2018,(-46.6474470360715 -23.5479926941093),9,1,1936,9,1,1936
280,101,39.0,39,"""Livro de Emplacamento, n.20, p.286; n.11, p.54""",Cintia,10/10/2018,(-46.6467759600088 -23.549800442144),10,1,1936,31,12,2000
281,101,1.0,1,"""Livro de Emplacamento, n.20, p.286; n.11, p.54""",Cintia,10/10/2018,(-46.6467759600088 -23.549800442144),26,1,1911,9,1,1936
282,101,59.0,59,"""Livro de Emplacamento, n.20, p.286; n.11, p.54""",Cintia,10/10/2018,(-46.6468389718457 -23.5496307005445),10,1,1936,31,12,2000
283,101,9.0,9,"""Livro de Emplacamento, n.20, p.286; n.11, p.54""",Cintia,10/10/2018,(-46.6468389718457 -23.5496307005445),26,1,1911,9,1,1936
